{"cameraMode":{"drawMode":0,"name":"Shaded","section":"Shading Mode"},"sceneLighting":false,"audioPlay":false,"sceneViewState":{"showFog":false,"showMaterialUpdate":false,"showSkybox":false,"showFlares":false,"showImageEffects":false,"showParticleSystems":false},"in2DMode":false,"pivot":{"x":6.100149154663086,"y":-11.915689468383789,"z":13.228235244750977},"rotation":{"x":-0.35811203718185427,"y":-0.01742120273411274,"z":0.006683288607746363,"w":-0.9334921836853027},"size":24.117137908935548,"orthographic":false}